Workbook

Sheet Cleaned_Data
A1: Country | B1: Indicator | C1: 2000 | D1: 2001 | E1: 2002 | F1: 2003 | G1: 2004 | H1: 2005 | I1: 2006 | J1: 2007 | K1: 2008 | L1: 2009 | M1: 2010 | N1: 2011 | O1: 2012 | P1: 2013 | Q1: 2014 | R1: 2015 | S1: 2016 | T1: 2017 | U1: 2018 | V1: 2019 | W1: 2020 | X1: 2021 | Y1: 2022 | Z1: 2023 | AA1: 2024
A2: Saudi Arabia | B2: GDP growth | C2: 4.7181342 | D2: 0.3445932 | E2: -0.68839013 | F2: 8.7687338 | G2: 8.6310055 | H2: 5.9448962 | I2: 3.3134847 | J2: 2.213654 | K2: 6.2379875 | L2: -1.0667171 | M2: 5.0395151 | N2: 11.758857 | O2: 5.7615073 | P2: 2.9456999 | Q2: 4.0246407 | R2: 4.6551232 | S2: 1.7040747 | T2: 1.1820799 | U2: 3.2269509 | V2: 1.6515636 | W2: -3.8047647 | X2: 6.519597 | Y2: 12.000587 | Z2: 0.54259244 | AA2: 1.8079552
A3: Saudi Arabia | B3: Unemployment rate | C3: 4.57 | D3: 4.618 | E3: 5.265 | F3: 5.563 | G3: 5.822 | H3: 6.051 | I3: 6.254 | J3: 5.734 | K3: 5.085 | L3: 5.377 | M3: 5.55 | N3: 5.77 | O3: 5.622 | P3: 5.6 | Q3: 5.877 | R3: 5.6 | S3: 5.6 | T3: 5.89 | U3: 6.029 | V3: 5.636 | W3: 7.66 | X3: 6.621 | Y3: 5.589 | Z3: 4.008 | AA3: 3.896
A4: Saudi Arabia | B4: Labor force participation rate | C4: 49.971 | D4: 49.347 | E4: 49.018 | F4: 48.966 | G4: 49.023 | H4: 49.206 | I4: 49.534 | J4: 49.777 | K4: 50.35 | L4: 50.798 | M4: 52.647 | N4: 54.592 | O4: 56.544 | P4: 58.378 | Q4: 59.726 | R4: 61.054 | S4: 62.057 | T4: 60.389 | U4: 60.913 | V4: 62.568 | W4: 63.823 | X4: 64.9 | Y4: 65.198 | Z4: 65.234 | AA4: 65.268
A5: India | B5: GDP growth | C5: 3.8409912 | D5: 4.8239663 | E5: 3.8039753 | F5: 7.8603815 | G5: 7.9229366 | H5: 7.9234306 | I5: 8.0607326 | J5: 7.6608151 | K5: 3.0866981 | L5: 7.8618888 | M5: 8.4975847 | N5: 5.2413162 | O5: 5.4563876 | P5: 6.3861064 | Q5: 7.4102276 | R5: 7.9962538 | S5: 8.2563055 | T5: 6.7953834 | U5: 6.4538513 | V5: 3.8714369 | W5: -5.7777247 | X5: 9.6895925 | Y5: 7.609365 | Z5: 9.1907549 | AA5: 6.4842236
A6: India | B6: Unemployment rate | C6: 7.624 | D6: 7.653 | E6: 7.753 | F6: 7.68 | G6: 7.625 | H6: 7.552 | I6: 7.552 | J6: 7.561 | K6: 7.656 | L6: 7.664 | M6: 7.652 | N6: 7.616 | O6: 7.666 | P6: 7.711 | Q6: 7.674 | R6: 7.631 | S6: 7.601 | T6: 7.618 | U6: 7.652 | V6: 6.51 | W6: 7.859 | X6: 6.38 | Y6: 4.822 | Z6: 4.172 | AA6: 4.202
A7: India | B7: Labor force participation rate | C7: 62.401 | D7: 62.253 | E7: 62.104 | F7: 61.955 | G7: 61.8 | H7: 61.646 | I7: 60.664 | J7: 59.7 | K7: 58.759 | L7: 57.843 | M7: 56.953 | N7: 56.314 | O7: 55.693 | P7: 55.616 | Q7: 55.531 | R7: 55.436 | S7: 55.339 | T7: 55.242 | U7: 55.139 | V7: 55.03 | W7: 54.374 | X7: 55.481 | Y7: 56.664 | Z7: 57.922 | AA7: 58.987
A8: Sudan | B8: GDP growth | C8: 6.3458674 | D8: 6.5003605 | E8: 6.0064715 | F8: 6.2888082 | G8: 5.1408885 | H8: 5.6435155 | I8: 6.5314117 | J8: 5.7352742 | K8: 3.8467447 | L8: -2.7677044 | M8: 3.858242 | N8: -3.2135321 | O8: -17.004688 | P8: 1.9551446 | Q8: 4.6613795 | R8: 1.9101769 | S8: 3.4676422 | T8: 0.70925628 | U8: -2.6809305 | V8: -2.178251 | W8: -3.6298008 | X8: -1.8685205 | Y8: -3.78 | Z8: -4.25 | AA8: -4.71
A9: Sudan | B9: Unemployment rate | C9: 15.608 | D9: 15.568 | E9: 15.514 | F9: 15.515 | G9: 15.539 | H9: 15.546 | I9: 15.542 | J9: 15.531 | K9: 15.566 | L9: 13 | M9: 15.161 | N9: 17.44 | O9: 17.002 | P9: 16.3 | Q9: 15.411 | R9: 14.347 | S9: 13.606 | T9: 12.953 | U9: 12.303 | V9: 11.658 | W9: 11.958 | X9: 11.044 | Y9: 7.53 | Z9: 5.773 | AA9: 4.8945
A10: Sudan | B10: Labor force participation rate | C10: 51.576 | D10: 51.304 | E10: 51.027 | F10: 50.756 | G10: 50.474 | H10: 50.176 | I10: 49.888 | J10: 49.593 | K10: 49.25 | L10: 49.337 | M10: 49.426 | N10: 49.514 | O10: 48.56 | P10: 47.485 | Q10: 46.333 | R10: 45.192 | S10: 44.053 | T10: 42.923 | U10: 41.862 | V10: 40.878 | W10: 39.592 | X10: 38.596 | Y10: 37.917 | Z10: 37.5775 | AA10: 37.40775
R12: Missing GDP growth values for Sudan (2022–2024) were estimated using linear regression based on historical data from 2000–2021.

Sheet LaborMarket_WDI
A1: Country | B1: Indicator | C1: 2000 | D1: 2001 | E1: 2002 | F1: 2003 | G1: 2004 | H1: 2005 | I1: 2006 | J1: 2007 | K1: 2008 | L1: 2009 | M1: 2010 | N1: 2011 | O1: 2012 | P1: 2013 | Q1: 2014 | R1: 2015 | S1: 2016 | T1: 2017 | U1: 2018 | V1: 2019 | W1: 2020 | X1: 2021 | Y1: 2022 | Z1: 2023 | AA1: 2024
A2: Saudi Arabia | B2: GDP growth | C2: 4.7181342 | D2: 0.3445932 | E2: -0.68839013 | F2: 8.7687338 | G2: 8.6310055 | H2: 5.9448962 | I2: 3.3134847 | J2: 2.213654 | K2: 6.2379875 | L2: -1.0667171 | M2: 5.0395151 | N2: 11.758857 | O2: 5.7615073 | P2: 2.9456999 | Q2: 4.0246407 | R2: 4.6551232 | S2: 1.7040747 | T2: 1.1820799 | U2: 3.2269509 | V2: 1.6515636 | W2: -3.8047647 | X2: 6.519597 | Y2: 12.000587 | Z2: 0.54259244 | AA2: 1.8079552
A3: Saudi Arabia | B3: Unemployment rate | C3: 4.57 | D3: 4.618 | E3: 5.265 | F3: 5.563 | G3: 5.822 | H3: 6.051 | I3: 6.254 | J3: 5.734 | K3: 5.085 | L3: 5.377 | M3: 5.55 | N3: 5.77 | O3: 5.622 | P3: 5.6 | Q3: 5.877 | R3: 5.6 | S3: 5.6 | T3: 5.89 | U3: 6.029 | V3: 5.636 | W3: 7.66 | X3: 6.621 | Y3: 5.589 | Z3: 4.008 | AA3: 3.896
A4: Saudi Arabia | B4: Labor force participation rate | C4: 49.971 | D4: 49.347 | E4: 49.018 | F4: 48.966 | G4: 49.023 | H4: 49.206 | I4: 49.534 | J4: 49.777 | K4: 50.35 | L4: 50.798 | M4: 52.647 | N4: 54.592 | O4: 56.544 | P4: 58.378 | Q4: 59.726 | R4: 61.054 | S4: 62.057 | T4: 60.389 | U4: 60.913 | V4: 62.568 | W4: 63.823 | X4: 64.9 | Y4: 65.198 | Z4: 65.234 | AA4: 65.268
A5: India | B5: GDP growth | C5: 3.8409912 | D5: 4.8239663 | E5: 3.8039753 | F5: 7.8603815 | G5: 7.9229366 | H5: 7.9234306 | I5: 8.0607326 | J5: 7.6608151 | K5: 3.0866981 | L5: 7.8618888 | M5: 8.4975847 | N5: 5.2413162 | O5: 5.4563876 | P5: 6.3861064 | Q5: 7.4102276 | R5: 7.9962538 | S5: 8.2563055 | T5: 6.7953834 | U5: 6.4538513 | V5: 3.8714369 | W5: -5.7777247 | X5: 9.6895925 | Y5: 7.609365 | Z5: 9.1907549 | AA5: 6.4842236
A6: India | B6: Unemployment rate | C6: 7.624 | D6: 7.653 | E6: 7.753 | F6: 7.68 | G6: 7.625 | H6: 7.552 | I6: 7.552 | J6: 7.561 | K6: 7.656 | L6: 7.664 | M6: 7.652 | N6: 7.616 | O6: 7.666 | P6: 7.711 | Q6: 7.674 | R6: 7.631 | S6: 7.601 | T6: 7.618 | U6: 7.652 | V6: 6.51 | W6: 7.859 | X6: 6.38 | Y6: 4.822 | Z6: 4.172 | AA6: 4.202
A7: India | B7: Labor force participation rate | C7: 62.401 | D7: 62.253 | E7: 62.104 | F7: 61.955 | G7: 61.8 | H7: 61.646 | I7: 60.664 | J7: 59.7 | K7: 58.759 | L7: 57.843 | M7: 56.953 | N7: 56.314 | O7: 55.693 | P7: 55.616 | Q7: 55.531 | R7: 55.436 | S7: 55.339 | T7: 55.242 | U7: 55.139 | V7: 55.03 | W7: 54.374 | X7: 55.481 | Y7: 56.664 | Z7: 57.922 | AA7: 58.987
A8: Sudan | B8: GDP growth | C8: 6.3458674 | D8: 6.5003605 | E8: 6.0064715 | F8: 6.2888082 | G8: 5.1408885 | H8: 5.6435155 | I8: 6.5314117 | J8: 5.7352742 | K8: 3.8467447 | L8: -2.7677044 | M8: 3.858242 | N8: -3.2135321 | O8: -17.004688 | P8: 1.9551446 | Q8: 4.6613795 | R8: 1.9101769 | S8: 3.4676422 | T8: 0.70925628 | U8: -2.6809305 | V8: -2.178251 | W8: -3.6298008 | X8: -1.8685205 | Y8: null | Z8: null | AA8: null
A9: Sudan | B9: Unemployment rate | C9: 15.608 | D9: 15.568 | E9: 15.514 | F9: 15.515 | G9: 15.539 | H9: 15.546 | I9: 15.542 | J9: 15.531 | K9: 15.566 | L9: 13 | M9: 15.161 | N9: 17.44 | O9: 17.002 | P9: 16.3 | Q9: 15.411 | R9: 14.347 | S9: 13.606 | T9: 12.953 | U9: 12.303 | V9: 11.658 | W9: 11.958 | X9: 11.044 | Y9: 7.53 | Z9: 5.773 | AA9: 4.8945
A10: Sudan | B10: Labor force participation rate | C10: 51.576 | D10: 51.304 | E10: 51.027 | F10: 50.756 | G10: 50.474 | H10: 50.176 | I10: 49.888 | J10: 49.593 | K10: 49.25 | L10: 49.337 | M10: 49.426 | N10: 49.514 | O10: 48.56 | P10: 47.485 | Q10: 46.333 | R10: 45.192 | S10: 44.053 | T10: 42.923 | U10: 41.862 | V10: 40.878 | W10: 39.592 | X10: 38.596 | Y10: 37.917 | Z10: 37.5775 | AA10: 37.40775
C15: Year (X) | D15: GDP (Y)
C16: 2000 | D16: 6.3458674
C17: 2001 | D17: 6.5003605
C18: 2002 | D18: 6.0064715 | I18: GDP = 942.208415521896 - 0.467846699946703X
C19: 2003 | D19: 6.2888082
C20: 2004 | D20: 5.1408885
C21: 2005 | D21: 5.6435155
C22: 2006 | D22: 6.5314117 | G22: FORECASTING
C23: 2007 | D23: 5.7352742 | F23: 2022 | G23: =942.208415521896 - 0.467846699946703*F23 -> -3.7776118
C24: 2008 | D24: 3.8467447 | F24: 2023 | G24: =942.208415521896 - 0.467846699946703*F24 -> -4.2454585
C25: 2009 | D25: -2.7677044 | F25: 2024 | G25: =942.208415521896 - 0.467846699946703*F25 -> -4.7133052
C26: 2010 | D26: 3.858242
C27: 2011 | D27: -3.2135321
C28: 2012 | D28: -17.004688
C29: 2013 | D29: 1.9551446
C30: 2014 | D30: 4.6613795
C31: 2015 | D31: 1.9101769
C32: 2016 | D32: 3.4676422
C33: 2017 | D33: 0.70925628
C34: 2018 | D34: -2.6809305
C35: 2019 | D35: -2.178251
C36: 2020 | D36: -3.6298008
C37: 2021 | D37: -1.8685205

Sheet Descriptives
A1: Descriptive statistics of key labor market indicators (2000-2024)
A3: Country | B3: Indicator | C3: Mean | D3: Median | E3: Min | F3: Max | G3: Sdevt. | H3: Count
A4: Saudi Arabia | B4: GDP growth | C4: =AVERAGE(Cleaned_Data!C2:AA2) -> 3.8973345 | D4: =MEDIAN(Cleaned_Data!C2:AA2) -> 3.3134847 | E4: =MIN(Cleaned_Data!C2:AA2) -> -3.8047647 | F4: =MAX(Cleaned_Data!C2:AA2) -> 12.000587 | G4: =STDEV(Cleaned_Data!C2:AA2) -> 3.8252869 | H4: =COUNT(Cleaned_Data!C2:AA2) -> 25
A5: Saudi Arabia | B5: Unemployment rate | C5: =AVERAGE(Cleaned_Data!C3:AA3) -> 5.57148 | D5: =MEDIAN(Cleaned_Data!C3:AA3) -> 5.6 | E5: =MIN(Cleaned_Data!C3:AA3) -> 3.896 | F5: =MAX(Cleaned_Data!C3:AA3) -> 7.66 | G5: =STDEV(Cleaned_Data!C3:AA3) -> 0.77012137 | H5: =COUNT(Cleaned_Data!C3:AA3) -> 25
A6: Saudi Arabia | B6: Labor force participation rate | C6: =AVERAGE(Cleaned_Data!C4:AA4) -> 56.37124 | D6: =MEDIAN(Cleaned_Data!C4:AA4) -> 56.544 | E6: =MIN(Cleaned_Data!C4:AA4) -> 48.966 | F6: =MAX(Cleaned_Data!C4:AA4) -> 65.268 | G6: =STDEV(Cleaned_Data!C4:AA4) -> 6.4153143 | H6: =COUNT(Cleaned_Data!C4:AA4) -> 25
A7: India | B7: GDP growth | C7: =AVERAGE(Cleaned_Data!C5:AA5) -> 6.2562752 | D7: =MEDIAN(Cleaned_Data!C5:AA5) -> 7.4102276 | E7: =MIN(Cleaned_Data!C5:AA5) -> -5.7777247 | F7: =MAX(Cleaned_Data!C5:AA5) -> 9.6895925 | G7: =STDEV(Cleaned_Data!C5:AA5) -> 3.0826645 | H7: =COUNT(Cleaned_Data!C5:AA5) -> 25
A8: India | B8: Unemployment rate | C8: =AVERAGE(Cleaned_Data!C6:AA6) -> 7.16344 | D8: =MEDIAN(Cleaned_Data!C6:AA6) -> 7.625 | E8: =MIN(Cleaned_Data!C6:AA6) -> 4.172 | F8: =MAX(Cleaned_Data!C6:AA6) -> 7.859 | G8: =STDEV(Cleaned_Data!C6:AA6) -> 1.1005703 | H8: =COUNT(Cleaned_Data!C6:AA6) -> 25
A9: India | B9: Labor force participation rate | C9: =AVERAGE(Cleaned_Data!C7:AA7) -> 57.95384 | D9: =MEDIAN(Cleaned_Data!C7:AA7) -> 56.953 | E9: =MIN(Cleaned_Data!C7:AA7) -> 54.374 | F9: =MAX(Cleaned_Data!C7:AA7) -> 62.401 | G9: =STDEV(Cleaned_Data!C7:AA7) -> 2.811998 | H9: =COUNT(Cleaned_Data!C7:AA7) -> 25
A10: Sudan | B10: GDP growth | C10: =AVERAGE(Cleaned_Data!C8:AA8) -> 0.90071025 | D10: =MEDIAN(Cleaned_Data!C8:AA8) -> 1.9551446 | E10: =MIN(Cleaned_Data!C8:AA8) -> -17.004688 | F10: =MAX(Cleaned_Data!C8:AA8) -> 6.5314117 | G10: =STDEV(Cleaned_Data!C8:AA8) -> 5.5279274 | H10: =COUNT(Cleaned_Data!C8:AA8) -> 25
A11: Sudan | B11: Unemployment rate | C11: =AVERAGE(Cleaned_Data!C9:AA9) -> 13.61238 | D11: =MEDIAN(Cleaned_Data!C9:AA9) -> 15.411 | E11: =MIN(Cleaned_Data!C9:AA9) -> 4.8945 | F11: =MAX(Cleaned_Data!C9:AA9) -> 17.44 | G11: =STDEV(Cleaned_Data!C9:AA9) -> 3.3127376 | H11: =COUNT(Cleaned_Data!C9:AA9) -> 25
A12: Sudan | B12: Labor force participation rate | C12: =AVERAGE(Cleaned_Data!C10:AA10) -> 46.02789 | D12: =MEDIAN(Cleaned_Data!C10:AA10) -> 48.56 | E12: =MIN(Cleaned_Data!C10:AA10) -> 37.40775 | F12: =MAX(Cleaned_Data!C10:AA10) -> 51.576 | G12: =STDEV(Cleaned_Data!C10:AA10) -> 4.9601818 | H12: =COUNT(Cleaned_Data!C10:AA10) -> 25
D15: GDPG | E15: UR | F15: LFPR
C16: SAU | D16: =SUM(C4) -> 3.8973345 | E16: =SUM(C5) -> 5.57148 | F16: =SUM(C6) -> 56.37124
C17: IND | D17: =SUM(C7) -> 6.2562752 | E17: =SUM(C8) -> 7.16344 | F17: =SUM(C9) -> 57.95384
C18: SDN | D18: =SUM(C10) -> 0.90071025 | E18: =SUM(C11) -> 13.61238 | F18: =SUM(C12) -> 46.02789

Sheet Report
A2: Labor market analysis: Saudi Arabia, India, and Sudan
A4: Objectives: - To study labor market indicators, including GDP growth, unemployment, and labor force participation. - To compare the performance of three countries (Saudi Arabia, India, and Sudan). - To understand how economic growth affects employment levels.
A6: Date and Methods: - Data were collected from the World Bank (2000 - 2024). - The indicators used are GDP growth (annual %), Unemployment, total (% of total labor force), and labor force participation rate, total (% of total population ages 15-64). - The project includes data cleaning, descriptive statistics, and charts to visualize and compare trends.
A8: Key Findings: - India shows the highest GDP growth and labor force participation. - Saudi Arabia records relatively low unemployment and rising labor force participation. - Sudan records negative growth and high unemployment, showing economic instability. - A weak or negative link between GDP growth and unemployment appears in most cases.
A10: Visual Summary: The following charts highlight the main labor market trends and differences among the three countries.
A13: Recommendations: - Support job creation through economic diversification. - Invest in education and skills to increase labor force participation. - Encourage private sector growth to reduce unemployment. - Improve data collection for gender and education-based indicators.

Sheet Charts

Sheet Analysis
B1: Cross-Country and Trend Analysis
B2: Summary of results and interpretations
A3: Indicator | B3: Saudi Arabia | C3: India | D3: Sudan | E3: Comment
A4: Mean GDP growth | B4: =SUM(Descriptives!C4) -> 3.8973345 | C4: =SUM(Descriptives!C7) -> 6.2562752 | D4: =SUM(Descriptives!C10) -> 0.90071025 | E4: India leads in growth
A5: Mean unemployment | B5: =SUM(Descriptives!C5) -> 5.57148 | C5: =SUM(Descriptives!C8) -> 7.16344 | D5: =SUM(Descriptives!C11) -> 13.61238 | E5: Sudan has the highest unemployment
A6: Mean labor force participation | B6: =SUM(Descriptives!C6) -> 56.37124 | C6: =SUM(Descriptives!C9) -> 57.95384 | D6: =SUM(Descriptives!C12) -> 46.02789 | E6: India has the highest participation
A7: Stdev unemployment | B7: =SUM(Descriptives!G5) -> 0.77012137 | C7: =SUM(Descriptives!G8) -> 1.1005703 | D7: =SUM(Descriptives!G11) -> 3.3127376 | E7: Sudan shows most volatility
A8: Stdev labor force participation | B8: =SUM(Descriptives!G6) -> 6.4153143 | C8: =SUM(Descriptives!G9) -> 2.811998 | D8: =SUM(Descriptives!G12) -> 4.9601818 | E8: Saudi Arabia shows the highest variability in labor force participation
A9: Unemployment vs GDP (R²) | B9: =RSQ(Cleaned_Data!C3:AA3,Cleaned_Data!C2:AA2) -> 0.00023787013 | C9: =RSQ(Cleaned_Data!C6:AA6,Cleaned_Data!C5:AA5) -> 0.058600207 | D9: =RSQ(Cleaned_Data!C9:AA9,Cleaned_Data!C8:AA8) -> 0.14773179 | E9: The relationship is very weak in Saudi Arabia and India, and weak in Sudan
A10: Gender / education data | B10: not available | C10: not available | D10: not available
A11: Main structural factors | B11: Labor reforms, and Vision 2030 boosted participation | C11: Rapid growth but, limited job creation | D11: Economic instability, and weak investment reduced employment

Sheet REG.
A1: SUMMARY OUTPUT
A3: Regression Statistics
A4: Multiple R | B4: 0.54918182
A5: R Square | B5: 0.30160068
A6: Adjusted R Square | B6: 0.26668071
A7: Standard Error | B7: 4.737166
A8: Observations | B8: 22
A10: ANOVA
B11: df | C11: SS | D11: MS | E11: F | F11: Significance F
A12: Regression | B12: 1 | C12: 193.81871 | D12: 193.81871 | E12: 8.636912 | F12: 0.0081171131
A13: Residual | B13: 20 | C13: 448.81484 | D13: 22.440742
A14: Total | B14: 21 | C14: 642.63355
B16: Coefficients | C16: Standard Error | D16: t Stat | E16: P-value | F16: Lower 95% | G16: Upper 95% | H16: Lower 95.0% | I16: Upper 95.0%
A17: Intercept | B17: 942.20842 | C17: 320.05938 | D17: 2.943855 | E17: 0.0080268315 | F17: 274.57624 | G17: 1609.8406 | H17: 274.57624 | I17: 1609.8406
A18: Year (X) | B18: -0.4678467 | C18: 0.15919313 | D18: -2.9388624 | E18: 0.0081171131 | F18: -0.79991775 | G18: -0.13577565 | H18: -0.79991775 | I18: -0.13577565
